Model,Amazon_Price,Amazon_Rating,Amazon_Number_of_Reviews,Amazon_URL,Flipkart_Price,Flipkart_Rating,Flipkart_Number_of_Reviews,Flipkart_URL,Croma_Price,Croma_Rating,Croma_Number_of_Reviews,Croma_URL
IPhone 14(256GB) - Midnight,64900,4.5,5875,https://www.amazon.in/Apple-iPhone-14-256GB-Midnight/dp/B0BDJ6N5D6/ref=sr_1_2?crid=2WZS7NB6XBI9Y&dib=eyJ2IjoiMSJ9.zTYHvf72DDTg4O4_qlSigtkU6iQcnFoZuspgxESe0vABhYBu9Wzia6wAaUtmeUa6l2_i-g-lQpjt2dGxiPikUrYwrUE2v3x2BaNKdplJHqJKWt2fNSMArLmMbvYX2tnunn6vHP8xPQzKjEwo0lEbfgLV7QXvYnBpk0OTpnOqNBpynb8J5dbF4hHvWgcTGaMgTpvzyqy1X4G-ynb_tlZMNUKL8l-3USFZNxZ5oecOPow.xLqvxIhBAPUOFvUa0Fpht-uUFExjxHBJnsG8oOmVnGA&dib_tag=se&keywords=IPhone%2B14(256GB)%2B-%2BMidnight&qid=1743099291&sprefix=iphone%2B14%2B256gb%2B-%2Bmidnight%2Caps%2C243&sr=8-2&th=1,64999,4.6,9872,https://www.flipkart.com/apple-iphone-14-midnight-256-gb/p/itm4199ea6bcd38b?pid=MOBGHWFH4H3MMRAA&lid=LSTMOBGHWFH4H3MMRAAQSJTKY&marketplace=FLIPKART&q=IPhone+14%28256GB%29+-+Midnight&store=tyy%2F4io&srno=s_1_1&otracker=search&otracker1=search&fm=Search&iid=04c48c14-bb8a-4f17-af40-8c78606bd6ca.MOBGHWFH4H3MMRAA.SEARCH&ppt=sp&ppn=sp&ssid=a8iz684nvk0000001743099295794&qH=9c6571b0884b7800,69900,4.9,26,https://www.croma.com/apple-iphone-14-256gb-midnight-/p/261935
IPhone 13(128GB) - Starlight,44999,4.5,33143,https://www.amazon.in/Apple-iPhone-13-512GB-Starlight/dp/B09G9D8KRQ/ref=sr_1_4?crid=3B4924MC3HHMZ&dib=eyJ2IjoiMSJ9.eFa-TvbcC_zjCq_5PD2KO5CGpSze29Ey1Fiqopkwj5WATB3k0IjULIH9a1tfmqcznSpaHyNDcedNHP0amc-NCEfYXlSl5uZaxa9TOtMGrL7GgSmYvLt3aG5ChkpyWrHr6uoE9hO0Chv5WAktaBUz27-QY3XQLd-HhQXrpO4pgLZqY3X8C1voewLl1go2q2qYA1bfVUZX7DKhqm_AwMZDZAA9WXHXHaYkJY83Lcdq2OE.9iAJJQAKC0YLszudtUrkdzEbmxWzWt3YYVUFb-wqd2o&dib_tag=se&keywords=IPhone%2B13(128GB)%2B-%2BStarlight&qid=1743099733&sprefix=iphone%2B13%2B128gb%2B-%2Bstarlight%2Caps%2C248&sr=8-4&th=1,44999,4.6,9674,https://www.flipkart.com/apple-iphone-13-starlight-128-gb/p/itmc9604f122ae7f?pid=MOBG6VF5ADKHKXFX&lid=LSTMOBG6VF5ADKHKXFX4LCPEV&marketplace=FLIPKART&q=IPhone+13%28128GB%29+-+Starlight&store=tyy%2F4io&srno=s_1_1&otracker=search&otracker1=search&fm=Search&iid=ff406814-59c6-49d9-9c8c-42c4a5319356.MOBG6VF5ADKHKXFX.SEARCH&ppt=sp&ppn=sp&ssid=t5fs5hk9nk0000001743099730326&qH=ae1244bf78b64df6,46400,4.6,444,https://www.croma.com/apple-iphone-13-128gb-starlight-white-/p/243460
"SAMSUNG Galaxy S24 Ultra 5G(12GB RAM,256GB,Titanium Gray)",129999,4.3,93,https://www.amazon.in/Samsung-Smartphone-Titanium-Storage-Included/dp/B0DSKMV3ZC/ref=sr_1_3?crid=C5IDCL9TJQPG&dib=eyJ2IjoiMSJ9.lVz9zspB0cHqUMu6Tv4KVyXm9MaStt69JTSrM5BkuHDQfmYPRfNFv0Jr5_pAO9BlqmoTCZP1vZhNqoxKgHvUEV7s3n_QVE04lrb_CyUGhHkpCDQsJ44SgBIwz4-ZoThtb5uGpOdLjPU6ui0f8UHWY1W5-VsYy0cibvQMaT5fyhsBPaY3maJf7GG0ZeEP0PWt2hFlcCUGGddVNXBcKkiUok_UynVcgtO5Iy_Gk8NQFpM.DoJspqy-9lB3O1iilAo6-gCdcxAINxWN_Bl18L8bTeo&dib_tag=se&keywords=SAMSUNG%2BGalaxy%2BS24%2BUltra%2B5G(12GB%2BRAM%2C256GB%2CTitanium%2BGray)&qid=1743100464&sprefix=samsung%2Bgalaxy%2Bs24%2Bultra%2B5g%2B12gb%2Bram%2C256gb%2Ctitanium%2Bgray%2B%2Caps%2C388&sr=8-3&th=1,119999,4.6,144,https://www.flipkart.com/samsung-galaxy-s24-ultra-5g-titanium-gray-256-gb/p/itm463827d6eb2be?pid=MOBGX2F3RQKKKTAW&lid=LSTMOBGX2F3RQKKKTAWKAVWET&marketplace=FLIPKART&q=SAMSUNG+Galaxy+S24+Ultra+5G%2812GB+RAM%2C256GB%2CTitanium+Gray%29&store=tyy%2F4io&srno=s_1_1&otracker=search&otracker1=search&fm=Search&iid=6ac228b5-34f6-44f8-911e-4a58c9732027.MOBGX2F3RQKKKTAW.SEARCH&ppt=sp&ppn=sp&ssid=mj7stma0ow0000001743100469302&qH=46ebc93a112daf76,119999,2.3,3,https://www.croma.com/samsung-galaxy-s24-ultra-5g-12gb-ram-256gb-titanium-gray-/p/303838
"SAMSUNG Galaxy Z Fold6 5G(12GB RAM,256GB,Navy)",149999,4.2,111,https://www.amazon.in/Samsung-Galaxy-Fold6-Smartphone-Storage/dp/B0D841Z76B/ref=sr_1_5?crid=1YTG2KZ23E01B&dib=eyJ2IjoiMSJ9.EC0sCLHxpPWfOmJ4h6Tk3TVXS8-7deSmpKn58bNdRhPBAeD3evooERr6Xw5RdBUfehQAn7aqRoP-i9VVJ6qbRbGUjrHmK9X1O-Pd5t1uaPv5L-dtkUXTHdTHLpuFpg8cs6OyRKN8pk_NwnekLDVSgYjxIfqr3Kq3Q-21zHR1nDU6sWA66MWwsXC-KIS2Kxv20-pAKfLGeZ0cudArUT1GT4aFvhfTlsv_LQMlUuddn55TRmSNTmxcZuovarX-30aPuvEhlTMX9vHWjAoYV2WipsIH_vpZSDujNbKiN80i59yEAEmpVrfJFzKJf0xCi6JmDCwIk-bn5_ClW35vz0YLLULvvKxWeg8uCJNMBGGqQJ7FKcvYAex4u_2eBWLoWijD5Iu1DK11nkP_JgAygaseX6uvIHRHTeb7ZHNiC9Kpb-f4moMjkOpu38lg4wF5fhKK.8YYBGbqxH1cCogFumzRQ3nm6PUFa1r7kb3lqTWznRYw&dib_tag=se&keywords=SAMSUNG%2BGalaxy%2BZ%2BFold6%2B5G(12GB%2BRAM%2C256GB%2CNavy)&qid=1743100806&sprefix=samsung%2Bgalaxy%2Bz%2Bfold6%2B5g%2B12gb%2Bram%2C256gb%2Cnavy%2B%2Caps%2C243&sr=8-5&th=1,149999,4.3,7,https://www.flipkart.com/samsung-galaxy-z-fold6-5g-navy-256-gb/p/itm0be517e768f41?pid=MOBH2HG9BPHRG4ZZ&lid=LSTMOBH2HG9BPHRG4ZZO2IEY3&marketplace=FLIPKART&q=SAMSUNG+Galaxy+Z+Fold6+5G%2812GB+RAM%2C256GB%2CNavy%29&store=tyy%2F4io&srno=s_1_1&otracker=search&otracker1=search&fm=Search&iid=277b25ca-4722-4269-9ba4-83d109e89c3e.MOBH2HG9BPHRG4ZZ.SEARCH&ppt=sp&ppn=sp&ssid=na01zj2c4g0000001743100809904&qH=99691b76da935059,149999,5,1,https://www.croma.com/samsung-galaxy-z-fold6-5g-12gb-ram-256gb-navy-/p/308174
"Redmi Note 13 5G(8GB RAM,256GB,Prism Gold)",16499,3.8,6933,https://www.amazon.in/Redmi-Storage-Bezel-Less-Slimmest-Pro-Grade/dp/B0CQPH2YSY/ref=sr_1_1?crid=3EKY6OEFSIYUT&dib=eyJ2IjoiMSJ9.Nt1cy1-ePQJU-wwFIW1Dp-4jdzfGcAZ1kz7knd90g1NpB-j_jFQv9Tmi7voKCBuH_t1ThNnhXl5fhtvkuYpfeD27Zvrwa37CcOlmC62mztWEqTFzCC_dphi3Cy_Swi8v68_DcbQfDMpwKYzfOrABaGCBN5sEiV8dqEYq8p7rO1f3IwCA377DcgmsulbnwSXOyFNhs9tpxN4P7A-TEjXqJb4-CMuMdFpaUcXyf7OfjSxkDafn5-Z3qrw5EUpwCBmFzQoeJTSwRLjdwQFVQ1-5HTsLRcczUw6zuwruxM7T3Vk1B_-lucSZ8q7-GAntyvSAwiRxBKcWTlWt8qz_Wq69LAQpAeeIRglOg9M3_GPzNiAMmbYouM2nDGbmLNM4V1RuKTyzURfpPBDFjqfkP3K2xMKBfAhG5kxy7iG6ZwsELP1rTjqsA6xY-XbCUE9fh6cK.SUoEFLPzZsdfz8przqW-BwfDL9CQ_JHudSJIeLxGA7Y&dib_tag=se&keywords=Redmi%2BNote%2B13%2B5G(8GB%2BRAM%2C256GB%2CPrism%2BGold)&qid=1743101470&sprefix=redmi%2Bnote%2B13%2B5g%2B8gb%2Bram%2C256gb%2Cprism%2Bgold%2B%2Caps%2C231&sr=8-1&th=1,16499,4.2,1006,https://www.flipkart.com/redmi-note-13-5g-prism-gold-256-gb/p/itm82475e073eb2e?pid=MOBGZDPUU53H8Z3Q&lid=LSTMOBGZDPUU53H8Z3QUM0IEX&marketplace=FLIPKART&q=Redmi+Note+13+5G%288GB+RAM%2C256GB%2CPrism+Gold%29&store=tyy%2F4io&srno=s_1_1&otracker=search&otracker1=search&fm=Search&iid=58de4440-56bb-4c6c-9dfa-3ba3504905d9.MOBGZDPUU53H8Z3Q.SEARCH&ppt=sp&ppn=sp&ssid=11yejx1qk00000001743101476582&qH=698a394c5cae5219,15499,3,2,https://www.croma.com/redmi-note-13-5g-8gb-ram-256gb-prism-gold-/p/303494
"vivo V29 Pro 5G (Black,256GB)(8GB RAM)",36999,4.1,35,https://www.amazon.in/V29-Pro-5G-Smartphone-Storage/dp/B0CNLNG3K3/ref=sr_1_1?crid=3P1NHZ47QM0LV&dib=eyJ2IjoiMSJ9.FDz3XK6RucTd-uevD_cdg_TO0uA1zkoQCVG2diij8idxVcchaX03DzG-oKhFSBqX354zHxWg-7gGgBFJ20C1qCjnw1UBudVEeVvx8Wlw_EfdzCAMtDeR-cdY0xVfeUsKvHgF6brSYiEWmA0jxDzBjt4xozAGrsZDt7wgpim2l5Gp_EKp6MAzqQKOgCCVyqiGjiw5Ub0PyFzccxCk8QNdnIp6UEVOJGMr4iDS-RgWWjQ.WhAebcOTd_6HlD_lvMAAjejn1hnsv8x7JJm_o-PgIL0&dib_tag=se&keywords=vivo%2BV29%2BPro%2B5G%2B(Black%2C256GB)(8GB%2BRAM)&qid=1743102198&sprefix=vivo%2Bv29%2Bpro%2B5g%2Bblack%2C256gb%2B8gb%2Bram%2B%2Caps%2C246&sr=8-1&th=1,39999,4.5,908,https://www.flipkart.com/vivo-v29-pro-5g-black-256-gb/p/itm9eb62843149e4?pid=MOBGTR8X3FSCZXWG&lid=LSTMOBGTR8X3FSCZXWGL7X4TC&marketplace=FLIPKART&q=vivo+V29+Pro+5G+%28Black%2C256GB%29%288GB+RAM%29&store=tyy%2F4io&srno=s_1_1&otracker=search&otracker1=search&fm=Search&iid=b431e324-279e-481f-83d0-a208f99f4468.MOBGTR8X3FSCZXWG.SEARCH&ppt=sp&ppn=sp&ssid=691gxqzj5c0000001743102204411&qH=000ed3dd140969d6,31194,5,1,https://www.croma.com/vivo-v29-pro-5g-8gb-ram-256gb-space-black-/p/300599
"vivo Y200 5G(8GB RAM,256GB,Desert Gold)",18845,4.1,1029,https://www.amazon.in/Vivo-Desert-Storage-Additional-Exchange/dp/B07WHPL866/ref=sr_1_1?crid=16IQ46OD0TOY0&dib=eyJ2IjoiMSJ9.dTH0pvi7lHEZcGMMnVfHZjWoUmMWflfXxm2hAX9E5fWQhoU4-ZOb1ClUS_RutT_rJfTVpM1n49QKiRYyMia7KeG7T2M2tAfSTt5g96XyxeDMFjsRgPQzDZESCY8etHUZQURwlhYfFrzAg6AMO7jcOZMJwSmco9cJIRGbrXmE2Hhbpch8dMPkxdfC8gHsJYlzSdZjBtWmSKzlq63oVkBZiAWikmZquy-LKU49ScPzpqs.W5I--ihAvU6ruzLSAnZit8nvG3dXI2IFen1qfXik5nY&dib_tag=se&keywords=vivo%2BY200%2B5G(8GB%2BRAM%2C256GB%2CDesert%2BGold)&qid=1743102624&sprefix=vivo%2By200%2B5g%2B8gb%2Bram%2C256gb%2Cdesert%2Bgold%2B%2Caps%2C266&sr=8-1&th=1,23490,4.4,218,https://www.flipkart.com/vivo-y200-5g-desert-gold-256-gb/p/itmc79ade2c32297?pid=MOBGXZBWE8FGXC2U&lid=LSTMOBGXZBWE8FGXC2UIOUYMM&marketplace=FLIPKART&q=vivo+Y200+5G%288GB+RAM%2C256GB%2CDesert+Gold%29&store=tyy%2F4io&srno=s_1_1&otracker=search&otracker1=search&fm=Search&iid=0a0d296c-4acd-4a0c-a97a-98b7a8290eeb.MOBGXZBWE8FGXC2U.SEARCH&ppt=sp&ppn=sp&ssid=57z03gob400000001743102630789&qH=d4b4040f1bbb6a5d,21999,4,1,https://www.croma.com/vivo-y200-5g-8gb-ram-256gb-desert-gold-/p/304694
"OnePlus 11R 5G(16GB RAM,256GB,Galactic Silver)",39999,4.4,3727,https://www.amazon.in/OnePlus-Galactic-Silver-256GB-Storage/dp/B0BSNNYHY5/ref=sr_1_2?crid=2KSC9QUI581NX&dib=eyJ2IjoiMSJ9.scIu2W-3zTBjgluK8E8FyL4CJS4ehKDxvGNo5acNWMtD35kXa_XoYXQwO8ZnVcssBwnrE7Z_9638UAaUbpzyS9C3CLo7XbvicVuFOP3PtVR44_xusfbejDGtLFQgYmKevGm5hoI38rcCAd4cVbvtxJAkNPW7rqGGVu4fkhnIPquyNeGt22kiYe1K-S3_Y3fmgjR8ospIW9zmKBA1XYOEVwcqDyn7JFZxsULHEHxk27E.RRGU4z6G4PUXThmkOCVQj4YPUEVQtzNdG5WCrH50Tt0&dib_tag=se&keywords=OnePlus+11R+5G%2816GB+RAM%2C256GB%2CGalactic+Silver%29&qid=1743131135&sprefix=oneplus+11r+5g+16gb+ram%2C256gb%2Cgalactic+silver+%2Caps%2C853&sr=8-2,38700,4.5,914,https://www.flipkart.com/oneplus-11r-5g-galactic-silver-256-gb/p/itmd8344a066fd54?pid=MOBGN3BQGU5BRTHZ&q=OnePlus+11R+5G%2816GB+RAM%2C256GB%2CGalactic+Silver%29&store=tyy%2F4io&srno=s_1_1&otracker=search&otracker1=search&fm=organic&iid=0a7b0222-f48c-4df9-beb7-ac1d7d7292c2.MOBGN3BQGU5BRTHZ.SEARCH&ppt=hp&ppn=homepage&ssid=ebk11yz59s0000001743131144639&qH=c1ca4c1e490285fa,32994,4.1,24,https://www.croma.com/oneplus-11r-5g-16gb-ram-256gb-galactic-silver-/p/269148
"OnePlus Nord CE4 5G(8GB RAM,128GB,Celadon Marble)",22999,4.2,7853,https://www.amazon.in/Oneplus-Celadon-Marble-128Gb-Storage/dp/B0CX58MTNN/ref=sr_1_2_sspa?crid=29AX2ZPSDQTQ1&dib=eyJ2IjoiMSJ9.ygama0C3BZ2IIQEvGQ0XqxlzyrzTTeggUPqws7QspqyjafsOcBHpf6_CAzNMngdvyN_bYDSUNypZAmdF0voLNoTwm1dTnMiljs2Xz__SG3IJ0HZqUXwflJkhkSoV2IM4S_J6WywVOax1n6Hf_Ss18w.v6kcZJ9jaC9wDR8zv-dEMJb1XdZ3OeFkS4-SR3zA10w&dib_tag=se&keywords=OnePlus%2BNord%2BCE4%2B5G(8GB%2BRAM%2C128GB%2CCeladon%2BMarble)&qid=1743131471&sprefix=oneplus%2Bnord%2Bce4%2B5g%2B8gb%2Bram%2C128gb%2Cceladon%2Bmarble%2B%2Caps%2C436&sr=8-2-spons&sp_csd=d2lkZ2V0TmFtZT1zcF9hdGY&th=1,21703,4.5,1150,https://www.flipkart.com/oneplus-nord-ce4-celadon-marble-128-gb/p/itm5a09089114afb?pid=MOBGZN8YJ4KZ2KNH&lid=LSTMOBGZN8YJ4KZ2KNHLQ9XG7&marketplace=FLIPKART&q=OnePlus+Nord+CE4+5G%288GB+RAM%2C128GB%2CCeladon+Marble%29&store=tyy%2F4io&srno=s_1_1&otracker=search&otracker1=search&fm=Search&iid=c39700fa-2dc0-4d14-b5a2-0e0a96b482db.MOBGZN8YJ4KZ2KNH.SEARCH&ppt=sp&ppn=sp&ssid=irjpfbcpdc0000001743131403393&qH=cb097003ff2ec1ab,22999,2.8,9,https://www.croma.com/oneplus-nord-ce4-5g-8gb-ram-128gb-marble-/p/305870
"OnePlus Nord 3 5G(8GB RAM,128GB,Tempest Gray)",22990,4.1,2176,https://www.amazon.in/OnePlus-Nord-Tempest-128GB-Storage/dp/B0C7V84BS2/ref=sr_1_3?crid=3A5GB7YD2GYFD&dib=eyJ2IjoiMSJ9.6M1_AdlaIPpTrMjPBFPm9ZQWZ8d4zaxE28La5lngT0xuQxUsRV2OPUTfTMtVV1ZfSlWl59_DPkNRo0vuVCrWnSPZmdRNK4dszKzUIWDo-DHMvA4ip01c2bJCKkHLOzCe4cDtkdaoVx8TbBczimZzxG0gMYltHos6neyqsZa67LfDQCwMSsTRh-fYRx_y90CszVk1A6IN2boK6pIMz26SUzzUc7Rxg_T5mbKUPgsLQ04.lX8lnl8BIqOBZRKSfXZhcvYLhfqHw8OncT_N50HboFE&dib_tag=se&keywords=OnePlus+Nord+3+5G%288GB+RAM%2C128GB%2CTempest+Gray%29&qid=1743133138&sprefix=oneplus+nord+3+5g+8gb+ram%2C128gb%2Ctempest+gray+%2Caps%2C312&sr=8-3,34899,4.3,1249,https://www.flipkart.com/oneplus-nord-3-5g-tempest-gray-128-gb/p/itm5fc87afce35dc?pid=MOBGRK2VXCKBADB5&lid=LSTMOBGRK2VXCKBADB5T2UCN9&marketplace=FLIPKART&q=OnePlus+Nord+3+5G%288GB+RAM%2C128GB%2CTempest+Gray%29&store=tyy%2F4io&srno=s_1_1&otracker=search&otracker1=search&fm=Search&iid=2b9c890c-cd7f-4db5-8d14-2b8e7db89acc.MOBGRK2VXCKBADB5.SEARCH&ppt=sp&ppn=sp&ssid=1ixbdzxe0w0000001743132605166&qH=cee9198cc603a0df,28994,3.2,3,https://www.croma.com/oneplus-nord-3-5g-8gb-ram-128gb-tempest-gray-/p/274673
"Nothing Phone 2a Plus 5G(8GB RAM,256GB,Grey)",22999,4,129,https://www.amazon.in/Nothing-Storage-Dimensity-Processor-Display/dp/B0DC8F2X6T/ref=sr_1_1?crid=XGJPHOHHCVBQ&dib=eyJ2IjoiMSJ9.SVGX8fpJuRRAuz34EkTpNxR0y7z8PZUZE3RZi33fq7EWRmrmosmjl_7t5gEi_TyqxGYMzDJTMxygQ2B1-_GYKpHIQMpsoOpjwkzFPlfuwTVyH9RLC-1k78s3UaCFvl_ntLdALPm2Z-Drh8irtNoFokXqtsdqGfDFu-gJNR7KRfMpc-xbATvgmuyZXvoWslbh4y6aOwMuYy5-evJgLPRe94f_xLO1mHqOHwr4VP6b1gSiEiIhAjvCDdOyn5tzJZgiO1bs8QCk3vd0iBUORWmiailsSsUxMPNE0m6lw1R-xtRorX2HSts571gb_S-lMC5wWJMroBfuTy1VUsXpdZz8jdukJPF8WiQ8FCsi8FjvAEY3uA5nQpvFQZsxYguudj1urC1Is7UMEF82L3xdmkhTaapUcANxQhxvBcvHTweUB2FBNfYxvCTvcxLLQrQrz50C.CMDl1SDATXySOdSF5n4OFqCdB8plTxd62xKgB4QRgcg&dib_tag=se&keywords=Nothing+Phone+2a+Plus+5G%288GB+RAM%2C256GB%2CGrey%29&qid=1743132860&sprefix=nothing+phone+2a+plus+5g+8gb+ram%2C256gb%2Cgrey+%2Caps%2C262&sr=8-1,27999,4.4,865,https://www.flipkart.com/nothing-phone-2a-plus-grey-256-gb/p/itm0c99b11bfe22d?pid=MOBH322WYZVQDCY9&lid=LSTMOBH322WYZVQDCY9XWRXHY&marketplace=FLIPKART&q=Nothing+Phone+2a+Plus+5G%288GB+RAM%2C256GB%2CGrey%29&store=tyy%2F4io&srno=s_1_1&otracker=search&otracker1=search&fm=Search&iid=d73adda6-207d-4745-88a9-8f9905e76da3.MOBH322WYZVQDCY9.SEARCH&ppt=sp&ppn=sp&ssid=xh0dxz6u3k0000001743132867661&qH=db712a69486d95c2,26999,4.7,4,https://www.croma.com/nothing-phone-2a-plus-5g-8gb-ram-256gb-grey-/p/308987
"Nothing CMF Phone 1 5G(6GB RAM,128GB,Orange)",13859,4.2,90,https://www.amazon.in/CMF-NOTHING-Phone-128-Orange/dp/B0D9BT3HX1/ref=sr_1_1?crid=2L0Z3ZL69S18I&dib=eyJ2IjoiMSJ9.xjL8SHbXiToOtbx_D1zOghoJAE1Zisu5gEE5l2O9r5xOrI0K2FaCZ5d-0DwWtrglHQV8l_j5Em2mir3q8PwU_HBpNWQpd9UUd6U4XLCI9n0ww6JbqMkpNR1xzYfBM83e-zCPmmmruuRz_EXx57yxIaKFn2mjsf4pcNO5-oTyNbvz4weY05955aObOmNBhN2X_pSeD62m8E-MDVxpEJ2WodYLeB16L6K64mIA0HecBr0.D9foEyZwpjJ61J4EszSxirFKe0offf9pYssveuxVpRs&dib_tag=se&keywords=Nothing+CMF+Phone+1+5G%286GB+RAM%2C128GB%2COrange%29&qid=1743133219&sprefix=nothing+cmf+phone+1+5g+6gb+ram%2C128gb%2Corange+%2Caps%2C393&sr=8-1,15999,4.4,4987,https://www.flipkart.com/cmf-nothing-phone-1-orange-128-gb/p/itmeef68c7ce70bf?pid=MOBHYBQTUW78PCR2&lid=LSTMOBHYBQTUW78PCR2ACTHXQ&marketplace=FLIPKART&q=Nothing+CMF+Phone+1+5G%286GB+RAM%2C128GB%2COrange%29&store=tyy%2F4io&srno=s_1_1&otracker=search&otracker1=search&fm=Search&iid=a96ff65f-ef13-42e4-840b-6c46fc1f0799.MOBHYBQTUW78PCR2.SEARCH&ppt=sp&ppn=sp&ssid=cvwkuu7dc00000001743133224358&qH=fcf9bf6ebd5470ab,15499,5,1,https://www.croma.com/nothing-cmf-phone-1-5g-6gb-ram-128gb-orange-/p/308337
"Apple iPhone 16(128GB,Teal)",73400,4.4,421,https://www.amazon.in/iPhone-16-128-GB-Control/dp/B0DGJH8RYG/ref=sr_1_3?crid=K0PPSZ1AIZD8&dib=eyJ2IjoiMSJ9.PEzr0xv2GBG2CIBcQbA3w-3wDYs4YBmq7lj-xnNH6sGoDN1eUD03Ab98CWUlGPmEHKr6bfRu5HoQLgZQugH8pp-ie45djZ96ms8iXbdHB5DoN2neJq8qL427-v1pgICCxq1lmBvQVXcjFy8IhFJBmf6CxwVgi4AEEH0BZ1iSPAUmxeaHUWeSebIv_8BUvl81ghi510mOlQnBRFKhaNjuktl-BsUzFxYXj1dmWxaSkuo.9qXozn5JyIL9wQeh753tmJW9su6UHE36mW1NqcDn-tU&dib_tag=se&keywords=Apple%2BiPhone%2B16(128GB%2CTeal)&qid=1743133521&sprefix=apple%2Biphone%2B16%2B128gb%2Cteal%2B%2Caps%2C339&sr=8-3&th=1,69999,4.6,324,https://www.flipkart.com/apple-iphone-16-teal-128-gb/p/itmce4bb3f55cc2f?pid=MOBH4DQFSY9ETDUU&lid=LSTMOBH4DQFSY9ETDUUX0E7YU&marketplace=FLIPKART&q=Apple+iPhone+16%28128GB%2CTeal%29&store=tyy%2F4io&srno=s_1_1&otracker=search&otracker1=search&fm=Search&iid=fb56656d-01ab-45d0-8c3d-520dd646bee4.MOBH4DQFSY9ETDUU.SEARCH&ppt=sp&ppn=sp&ssid=9hnkbhy3qo0000001743133527074&qH=b52c31f3c7829ff6,71490,4.4,5,https://www.croma.com/apple-iphone-16-128gb-teal-/p/309695
"vivo T3 Lite 5G(6GB RAM, 128GB,Vibrant Green)",11390,3.7,183,https://www.amazon.in/Vivo-Smartphone-Vibrant-Green-Storage/dp/B0D93HRDD3/ref=sr_1_1?crid=32Q044HXGQEE9&dib=eyJ2IjoiMSJ9.gXCjUhT5X7kx3t5FMCUJytYG1wrDeTQ9SL4LtdTHqPifHvTtXWJkuegxV1UUuUxZpjxRNI5iflyBKBGJQ4BcU0UBLAnwRfQkmlkd9UNij0IpsnKCCN1zjwTb5145m6ibxNv8juDd6UzkBwfIJvt38bLXFNrEISKAz_IhjyH3QOAAA0o3NVGgjm0GoPhSzzxwDqn3TD6cr8_bLnP4-3tY5Vh5f9KqbUhRMckRzygs4ek.lNaMRSvDtahNMgbLh4tUDHCAgqZUJ6ZTftm0KWl_lgY&dib_tag=se&keywords=vivo+T3+Lite+5G+%286GB+RAM%2C+128GB%2C+Vibrant+Green%29&nsdOptOutParam=true&qid=1743135337&sprefix=vivo+t3+lite+5g+6gb+ram%2C+128gb%2C+vibrant+green+%2Caps%2C388&sr=8-1,11499,4.4,2337,https://www.flipkart.com/vivo-lite-5g-vibrant-green-128-gb/p/itm977c89a44d373?pid=MOBHFTYBA6V3RVZE&lid=LSTMOBHFTYBA6V3RVZEGQ7SZ8&marketplace=FLIPKART&q=vivo+T3+Lite+5G+%286GB+RAM%2C+128GB%2C+Vibrant+Green%29&store=tyy%2F4io&spotlightTagId=default_BestsellerId_tyy%2F4io&srno=s_1_1&otracker=search&otracker1=search&fm=Search&iid=214ed5b8-4c6a-434c-a567-cab580297ebb.MOBHFTYBA6V3RVZE.SEARCH&ppt=sp&ppn=sp&ssid=im8jh1zcw00000001743135326330&qH=c920a36c27c67e20,11499,4.1,7,https://www.croma.com/vivo-t3-lite-5g-6gb-ram-128gb-vibrant-green-/p/307900
"vivo V50 5G(8GB RAM,256GB,Rose Red)",36999,4.1,114,https://www.amazon.in/V50-Storage-Additional-Exchange-Offers/dp/B0DTHVHZC5/ref=sr_1_1?crid=32F7M3636PL7B&dib=eyJ2IjoiMSJ9.sQDvwgXOTwGt18eeJl3OaSkZzJTomOegDoG678HK8OT9-Wew-qaX752-NYNFGUwGZzhK_4wAFctuBTnHUDAFLdERklqH8D4yUMtyYWgeROulr4mLn5e2pKbf29Rb-1fQHB3zx8gONUXkU5UztNaRV1SZs8YpgjY4yBAya6LCTUBfo3mZCZpTqI48KLFfvpMEIW6KL_itnJNWw10alew2dpSrn5mlscNTKYRPliX7e5A.9ASJu5UppGU9qyv9L_w-Q4feuzArbklcg1zsVsQIdbk&dib_tag=se&keywords=vivo%2BV50%2B5G%2B(8GB%2BRAM%2C%2B256GB%2C%2BRose%2BRed)&nsdOptOutParam=true&qid=1743135869&sprefix=vivo%2Bv50%2B5g%2B8gb%2Bram%2C%2B256gb%2C%2Brose%2Bred%2B%2Caps%2C344&sr=8-1&th=1,36999,4.5,216,https://www.flipkart.com/vivo-v50-5g-rose-red-256-gb/p/itm12bbdca230795?pid=MOBH8Z32XECJ9E7M&lid=LSTMOBH8Z32XECJ9E7MMTTUE1&marketplace=FLIPKART&q=vivo+V50+5G+%288GB+RAM%2C+256GB%2C+Rose+Red%29&store=tyy%2F4io&srno=s_1_1&otracker=search&otracker1=search&fm=Search&iid=c638ad3a-d302-408f-8ee0-08caefffe1cc.MOBH8Z32XECJ9E7M.SEARCH&ppt=sp&ppn=sp&ssid=6jejezjhts0000001743135852212&qH=2ef72c18ff8776e9,36999,5,3,https://www.croma.com/vivo-v50-5g-8gb-ram-256gb-rose-red-/p/313862
"SAMSUNG Galaxy S25 5G(12GB RAM,512GB,Icyblue)",92999,4.6,64,https://www.amazon.in/Samsung-Galaxy-Smartphone-Icyblue-Storage/dp/B0DSKN89B7/ref=sr_1_3?crid=1H07BLE4BBH5L&dib=eyJ2IjoiMSJ9.OgVU7P7hSdcNZ8_Fsnj3su_ewtPIQRr7qFsVB4plLuCse9doMIDoqhH16srMYyvQezOQfAqGtHzRGMSLv-p4P91iz0fZFbnihOcD8yjE7ixYx5Iw1FVVjBnFxGVHQSzrCjyQrXF22Z2BS4f72EcSjxuzKMH1IcBjbDmMoQTiL9bomlawO6bZcOdYNP1bx2ymCkGzAy8qE7P75zpG9oHmlmrTn350L-ptw7zK0brcDDY.sdnzhq822IUfMBDf8BV2oTLeUcmnsdNg7o4NO0LuozA&dib_tag=se&keywords=SAMSUNG%2BGalaxy%2BS25%2B5G%2B(12GB%2BRAM%2C%2B512GB%2C%2BIcyblue)&nsdOptOutParam=true&qid=1743137256&sprefix=samsung%2Bgalaxy%2Bs25%2B5g%2B12gb%2Bram%2C%2B512gb%2C%2Bicyblue%2B%2Caps%2C870&sr=8-3&th=1,92999,4.6,94,https://www.flipkart.com/samsung-galaxy-s25-5g-icyblue-512-gb/p/itm859ebd4b08d31?pid=MOBH8K8UNC88SRYU&lid=LSTMOBH8K8UNC88SRYUD9WR5K&marketplace=FLIPKART&q=SAMSUNG+Galaxy+S25+5G+%2812GB+RAM%2C+512GB%2C+Icyblue%29&store=tyy%2F4io&srno=s_1_1&otracker=search&otracker1=search&fm=organic&iid=39ccb0f2-f982-4303-978c-2d01274660e4.MOBH8K8UNC88SRYU.SEARCH&ppt=hp&ppn=homepage&ssid=9cd60zdoao0000001743137279779&qH=ecdde2ac4e06410e,92999,5,2,https://www.croma.com/samsung-galaxy-s25-5g-12gb-ram-512gb-icyblue-/p/313335
"SAMSUNG Galaxy S25 Ultra 5G(12GB RAM,512GB,Titanium Black)",141999,4.3,94,https://www.amazon.in/Samsung-Smartphone-Titanium-Storage-Included/dp/B0DSKMKJV5/ref=sr_1_2_sspa?crid=1FXCGUEVV4YMD&dib=eyJ2IjoiMSJ9.6F9zxmqbhCO38LI-LW5u6tMHOY-1k2p4sOYQ5zUDYWjPDIO6VZkyfmdBNJz4oEp1ZgSCLmwvUYaBgMX6a8Q9g2ysGPZXRFtAgg_ajznJYeylu-f3a-jrUrpiAUzf8WE0VDFqBWErllihv4VbP32PYycytDMDY1nW_i-GKwD0zXmaduEMR5pqkepcHGwd1erqNV9ai0CqE0gWwl7MnMGcVuo5B9_u2QS6Z39qWCvZ5Eo.pl4RxPBtLtMaT9J_6TbbyNf9yr7ETxxsZvye1SVKJ_E&dib_tag=se&keywords=SAMSUNG%2BGalaxy%2BS25%2BUltra%2B5G%2B(12GB%2BRAM%2C%2B512GB%2C%2BTitanium%2BBlack)&nsdOptOutParam=true&qid=1743137752&sprefix=samsung%2Bgalaxy%2Bs25%2Bultra%2B5g%2B12gb%2Bram%2C%2B512gb%2C%2Btitanium%2Bblack%2B%2Caps%2C511&sr=8-2-spons&sp_csd=d2lkZ2V0TmFtZT1zcF9hdGY&th=1,119999,4.7,119,https://www.flipkart.com/samsung-galaxy-s25-ultra-5g-titanium-black-512-gb/p/itm09d676ceb930d?pid=MOBH92ADDUA8GADK&lid=LSTMOBH92ADDUA8GADKUBAIOH&marketplace=FLIPKART&q=SAMSUNG+Galaxy+S25+Ultra+5G+%2812GB+RAM%2C+512GB%2C+Titanium+Black%29&store=tyy%2F4io&srno=s_1_1&otracker=search&otracker1=search&fm=Search&iid=a11b08b7-b067-4ce1-8f69-d7a373dd3bd7.MOBH92ADDUA8GADK.SEARCH&ppt=sp&ppn=sp&ssid=dj9903r72o0000001743137758054&qH=c503cd63c7c07772,141999,4.2,6,https://www.croma.com/samsung-galaxy-s25-ultra-5g-12gb-ram-512gb-titanium-black-/p/313347
"Google Pixel 9 5G(12GB RAM,256GB,Obsidian)",75000,4.8,140,https://www.amazon.in/Google-Pixel-Obsidian-256-RAM/dp/B0DZXTW6PP/ref=sr_1_1?crid=220NQ1448OWE5&dib=eyJ2IjoiMSJ9.hYdv8lLqJ451ZLotvShHNvAS8FjNvgvgLzwov9c7PaVLaSPLQ1O9g5dw_Mu-o3VSbd56uASvVVE-T_27eIFtLqi8Cj5AlYGy3TZRN75iOEIfgWZFe7lXtuc7orIBg8Iky5NF1lkjLFwurI1DJ4C6-vL_AcF2AQJvfrgOTfojMdqcsJZwEudHVMQ6xQIYjrRFonvrr6zt1KL-huhWNn6YVCJ5Kg8M0y121Nd75FpitHesyZyzZ6ygZ1sxgPbsYCsxG54uPfRKaa0c2S5MnuRs_-z1ddKZZ40geaK8ZOQW1X3q5qtCfoUKEN4XCRv5cqjusSqJ4mShlI_KusxBDTTuxyYFPYBMhkWdNX4EZMxee44.Eb1PuWCE6p6YrVeDmJRxENR3IofoWwAx0iSaO0SSvzs&dib_tag=se&keywords=Google+Pixel+9+Pro+Fold+5G+%2816GB+RAM%2C+256GB%2C+Obsidian%29&nsdOptOutParam=true&qid=1743138203&s=electronics&sprefix=google+pixel+9+pro+fold+5g+16gb+ram%2C+256gb%2C+obsidian+%2Celectronics%2C340&sr=1-1,74999,4.6,253,https://www.flipkart.com/google-pixel-9-obsidian-256-gb/p/itm330ed8ebeefe1?pid=MOBH2HJGP3FGTECW&lid=LSTMOBH2HJGP3FGTECWZSSJ2D&marketplace=FLIPKART&q=Google+Pixel+9+%28Obsidian%2C+256+GB%29+%2812+GB+RAM%29&store=tyy%2F4io&srno=s_1_2&otracker=search&otracker1=search&fm=Search&iid=eb62e9c7-16ae-4105-a358-a7effa06a957.MOBH2HJGP3FGTECW.SEARCH&ppt=sp&ppn=sp&ssid=outkerap6o0000001743138242511&qH=7b6c260666cf9c26,74999,5,4,https://www.croma.com/google-pixel-9-5g-12gb-ram-256gb-obsidian-/p/309168
"Apple iPhone 15(128GB,Black)",61500,4.5,3177,https://www.amazon.in/Apple-iPhone-15-128-GB/dp/B0CHX1W1XY/ref=sr_1_1_sspa?crid=H15K8CRV1XAW&dib=eyJ2IjoiMSJ9.8-aKrERwPzdGyJWfWOa56NxYBhzMxuDS-uvGoJbB4Kl3bTAyHsjnQlRBVombFYdyu6x4gDmg_DIp3nG6xnr-RnHbZ2cvj_V4rSQuCuUAzSQffE4_OkQJ1T7W5QxF8-9TvQ-DQ6JhC9d8MD-gBacN9czLfUS419ZzLyn-kv0uz1uPKc4YuAAtnDQRn9cY34QnqT0qKORT3Go9vh64dChrOUunUAKOfEj9gR-Xr9ogstM.DOkpcCqUzcPh_mAGzDWpCICBgW1CeheM7k2glHEZ52k&dib_tag=se&keywords=iphone%2B15&qid=1743138725&sprefix=ipnone%2Caps%2C241&sr=8-1-spons&sp_csd=d2lkZ2V0TmFtZT1zcF9hdGY&th=1,64999,4.6,3849,https://www.flipkart.com/apple-iphone-15-black-128-gb/p/itm6ac6485515ae4?pid=MOBGTAGPTB3VS24W&lid=LSTMOBGTAGPTB3VS24WVZNSC6&marketplace=FLIPKART&q=Apple+iPhone+15+%28128+GB%29+-+Black&store=tyy%2F4io&srno=s_1_1&otracker=search&otracker1=search&fm=organic&iid=03c2d00d-71aa-4683-b7c6-75583df1c063.MOBGTAGPTB3VS24W.SEARCH&ppt=hp&ppn=homepage&ssid=4cr50h3pn40000001743138772970&qH=895aafa23efcc6e3,64900,3.4,28,https://www.croma.com/apple-iphone-15-128gb-black-/p/300652
"oppo Reno13 5G(8GB RAM,128GB,Luminous Blue)",34980,4.3,23,https://www.amazon.in/Reno13-Luminous-Storage-Additional-Exchange/dp/B0DSQ9NNHN/ref=sr_1_1?crid=2EFUCU2ALP7N4&dib=eyJ2IjoiMSJ9._o7cjac83sZngplbnArOgBQY4Kt2-pdpuC0MV7ryNqHLswru1A1aDRPALbmjGD_7NjM6O7vv0KOJjAcZo7iHyH4iy0uit8ijX0-Mfq6qcLRdARG6YakyjSgr6ASat7QPNaZkqpZVkgtsyIRcIqBgVOz0lY1EGAEJtihaJVVmCvFUDPTtsckB32iBLde7JciUlaAUKI76pes8UDafsunVldmMTmrfeP10DSayxK2zOBM.iT7sgpx5N4cgU6jGA9doBik3TrHttbtsTSekZIk67Lk&dib_tag=se&keywords=oppo%2BReno13%2B5G%2B(8GB%2BRAM%2C%2B128GB%2C%2BLuminous%2BBlue)&nsdOptOutParam=true&qid=1743142480&sprefix=oppo%2Breno13%2B5g%2B8gb%2Bram%2C%2B128gb%2C%2Bluminous%2Bblue%2B%2Caps%2C1087&sr=8-1&th=1,37999,5,7,https://www.flipkart.com/oppo-13-5g-luminous-blue-ivory-white-128-gb/p/itm9cf979582f79d?pid=MOBH8FZZERKDHSBY&lid=LSTMOBH8FZZERKDHSBYBUUVYZ&marketplace=FLIPKART&q=oppo+Reno13+5G+%288GB+RAM%2C+128GB%2C+Luminous+Blue%29&store=tyy%2F4io&srno=s_1_1&otracker=search&otracker1=search&fm=organic&iid=c2723c07-7278-4182-a17f-f37c46fc99be.MOBH8FZZERKDHSBY.SEARCH&ppt=hp&ppn=homepage&ssid=gy0668oerk0000001743142467926&qH=4da707bd41a6eb28,37999,5,11,https://www.croma.com/oppo-reno13-5g-8gb-ram-128gb-luminous-blue-/p/312491
